{"cameraMode":{"drawMode":0,"name":"Shaded","section":"Shading Mode"},"sceneLighting":true,"audioPlay":false,"sceneViewState":{"m_AlwaysRefresh":false,"showFog":true,"showSkybox":true,"showFlares":true,"showImageEffects":true,"showParticleSystems":true,"showVisualEffectGraphs":true,"m_FxEnabled":false},"in2DMode":false,"pivot":{"x":1.0530959367752076,"y":-0.004177518654614687,"z":37.17580032348633},"rotation":{"x":0.08686430007219315,"y":-0.2558544874191284,"z":0.02308640442788601,"w":0.9625440239906311},"size":0.768183171749115,"orthographic":false}