{"cameraMode":{"drawMode":0,"name":"Shaded","section":"Shading Mode"},"sceneLighting":false,"audioPlay":false,"sceneViewState":{"m_AlwaysRefresh":false,"showFog":true,"showSkybox":false,"showFlares":true,"showImageEffects":true,"showParticleSystems":true,"showVisualEffectGraphs":true,"m_FxEnabled":false},"in2DMode":false,"pivot":{"x":0.10000000894069672,"y":-0.5120000839233398,"z":2.0900001525878908},"rotation":{"x":-0.0007100088405422866,"y":-0.9990177154541016,"z":0.04078267142176628,"w":-0.01738637313246727},"size":2.7199079990386965,"orthographic":false}