{"cameraMode":{"drawMode":0,"name":"Shaded","section":"Shading Mode"},"sceneLighting":false,"audioPlay":false,"sceneViewState":{"m_AlwaysRefresh":false,"showFog":true,"showSkybox":false,"showFlares":true,"showImageEffects":true,"showParticleSystems":true,"showVisualEffectGraphs":true,"m_FxEnabled":false},"in2DMode":false,"pivot":{"x":0.003000000026077032,"y":-1.005000114440918,"z":-0.950493335723877},"rotation":{"x":0.10419359803199768,"y":0.01790103130042553,"z":-0.0018756877398118377,"w":0.9943943023681641},"size":3.981689691543579,"orthographic":false}