{"cameraMode":{"drawMode":0,"name":"Shaded","section":"Shading Mode"},"sceneLighting":false,"audioPlay":false,"sceneViewState":{"m_AlwaysRefresh":false,"showFog":true,"showSkybox":false,"showFlares":true,"showImageEffects":true,"showParticleSystems":true,"showVisualEffectGraphs":true,"m_FxEnabled":false},"in2DMode":false,"pivot":{"x":-1.1700000762939454,"y":-1.5120000839233399,"z":1.4000000953674317},"rotation":{"x":0.175204798579216,"y":0.38894569873809817,"z":-0.07560906559228897,"w":0.9012845158576965},"size":1.9786359071731568,"orthographic":true}