{"cameraMode":{"drawMode":0,"name":"Shaded","section":"Shading Mode"},"sceneLighting":false,"audioPlay":false,"sceneViewState":{"m_AlwaysRefresh":false,"showFog":true,"showSkybox":false,"showFlares":true,"showImageEffects":true,"showParticleSystems":true,"showVisualEffectGraphs":true,"m_FxEnabled":false},"in2DMode":false,"pivot":{"x":-0.6549808979034424,"y":-1.519913673400879,"z":-1.7140389680862427},"rotation":{"x":0.32233914732933047,"y":0.0011365596437826753,"z":-0.000385582068702206,"w":0.9466280341148377},"size":5.343241214752197,"orthographic":true}