{"cameraMode":{"drawMode":0,"name":"Shaded","section":"Shading Mode"},"sceneLighting":false,"audioPlay":false,"sceneViewState":{"m_AlwaysRefresh":false,"showFog":true,"showSkybox":false,"showFlares":true,"showImageEffects":true,"showParticleSystems":true,"showVisualEffectGraphs":true,"m_FxEnabled":false},"in2DMode":false,"pivot":{"x":-0.6549808979034424,"y":-1.519913673400879,"z":-1.7140389680862427},"rotation":{"x":0.06771368533372879,"y":-0.031123191118240358,"z":0.0021140119060873987,"w":0.9972220659255981},"size":3.37161922454834,"orthographic":true}