{"cameraMode":{"drawMode":0,"name":"Shaded","section":"Shading Mode"},"sceneLighting":false,"audioPlay":false,"sceneViewState":{"m_AlwaysRefresh":false,"showFog":true,"showSkybox":false,"showFlares":true,"showImageEffects":true,"showParticleSystems":true,"showVisualEffectGraphs":true,"m_FxEnabled":false},"in2DMode":false,"pivot":{"x":-2.4157936573028566,"y":0.0688123106956482,"z":2.6166582107543947},"rotation":{"x":0.25607186555862429,"y":-0.0417448952794075,"z":0.011070724576711655,"w":0.9657071828842163},"size":4.263882637023926,"orthographic":false}