{"cameraMode":{"drawMode":0,"name":"Shaded","section":"Shading Mode"},"sceneLighting":false,"audioPlay":false,"sceneViewState":{"m_AlwaysRefresh":false,"showFog":true,"showSkybox":false,"showFlares":true,"showImageEffects":true,"showParticleSystems":true,"showVisualEffectGraphs":true,"m_FxEnabled":false},"in2DMode":false,"pivot":{"x":-18.755977630615236,"y":4.933791160583496,"z":18.172754287719728},"rotation":{"x":0.0030720217619091274,"y":-0.6816357970237732,"z":0.0028614457696676256,"w":0.7316853404045105},"size":20.101808547973634,"orthographic":false}